Trans. Date,Post Date,Description,Amount,Category
05/08/2026,05/08/2026,DISNEY PLUS 888-905-7888 CA,13.99,Services
05/16/2026,05/16/2026,AUDIBLE*2X88AB,14.95,Merchandise
05/19/2026,05/19/2026,SIRIUSXM RADIO,10.99,Services
05/19/2026,05/19/2026,AMC THEATRES 4421,50.15,Merchandise
05/20/2026,05/20/2026,HOME DEPOT 6631,27.17,Merchandise
05/21/2026,05/21/2026,AMC THEATRES 4421,59.69,Merchandise
05/22/2026,05/22/2026,ETSY.COM,41.67,Merchandise
05/22/2026,05/22/2026,INTERNET PAYMENT - THANK YOU,-200.00,Payments and Credits
05/25/2026,05/25/2026,ULTA BEAUTY #33,58.01,Merchandise
06/08/2026,06/08/2026,DISNEY PLUS 888-905-7888 CA,13.99,Services
06/13/2026,06/13/2026,AMC THEATRES 4421,30.81,Merchandise
06/15/2026,06/15/2026,AMC THEATRES 4421,74.01,Merchandise
06/16/2026,06/16/2026,AUDIBLE*2X88AB,14.95,Merchandise
06/17/2026,06/17/2026,HOME DEPOT 6631,40.42,Merchandise
06/19/2026,06/19/2026,SIRIUSXM RADIO,10.99,Services
06/20/2026,06/20/2026,AMC THEATRES 4421,56.51,Merchandise
06/22/2026,06/22/2026,ETSY.COM,52.77,Merchandise
06/22/2026,06/22/2026,INTERNET PAYMENT - THANK YOU,-200.00,Payments and Credits
07/01/2026,07/01/2026,ETSY.COM,61.22,Merchandise
07/02/2026,07/02/2026,ADOBE CREATIVE CLOUD,59.99,Services
07/06/2026,07/06/2026,HOME DEPOT 6631,47.21,Merchandise
07/08/2026,07/08/2026,DISNEY PLUS 888-905-7888 CA,13.99,Services
07/13/2026,07/13/2026,HOME DEPOT 6631,91.84,Merchandise
07/13/2026,07/13/2026,OLIVE GARDEN 0012,30.62,Merchandise
07/16/2026,07/16/2026,AUDIBLE*2X88AB,14.95,Merchandise
07/19/2026,07/19/2026,SIRIUSXM RADIO,10.99,Services
07/22/2026,07/22/2026,INTERNET PAYMENT - THANK YOU,-200.00,Payments and Credits
07/24/2026,07/24/2026,HOME DEPOT 6631,58.76,Merchandise
08/06/2026,08/06/2026,OLIVE GARDEN 0012,81.43,Merchandise
08/07/2026,08/07/2026,HOME DEPOT 6631,69.67,Merchandise
08/08/2026,08/08/2026,DISNEY PLUS 888-905-7888 CA,13.99,Services
08/09/2026,08/09/2026,ETSY.COM,76.36,Merchandise
08/13/2026,08/13/2026,ULTA BEAUTY #33,68.33,Merchandise
08/16/2026,08/16/2026,AUDIBLE*2X88AB,14.95,Merchandise
08/19/2026,08/19/2026,SIRIUSXM RADIO,10.99,Services
08/20/2026,08/20/2026,HOME DEPOT 6631,45.41,Merchandise
08/22/2026,08/22/2026,INTERNET PAYMENT - THANK YOU,-200.00,Payments and Credits
09/02/2026,09/02/2026,AMC THEATRES 4421,44.61,Merchandise
09/08/2026,09/08/2026,DISNEY PLUS 888-905-7888 CA,13.99,Services
09/08/2026,09/08/2026,ULTA BEAUTY #33,78.21,Merchandise
09/10/2026,09/10/2026,ETSY.COM,90.40,Merchandise
09/16/2026,09/16/2026,AUDIBLE*2X88AB,14.95,Merchandise
09/19/2026,09/19/2026,SIRIUSXM RADIO,10.99,Services
09/22/2026,09/22/2026,INTERNET PAYMENT - THANK YOU,-200.00,Payments and Credits
09/23/2026,09/23/2026,ETSY.COM,47.65,Merchandise
09/25/2026,09/25/2026,AMC THEATRES 4421,44.74,Merchandise