Date,Description,Amount,Balance
05/01/2026,"ACME CORP PAYROLL DIRECT DEP",2450.00,5650.00
05/01/2026,"ZELLE PAYMENT TO OAKWOOD APTS RENT",-1350.00,4300.00
05/03/2026,"PLANET FITNESS #1123",-24.99,4275.01
05/06/2026,"DUKE ENERGY ELECTRIC PAYMENT",-95.02,4179.99
05/08/2026,"WAWA 8812",-39.91,4140.08
05/08/2026,"SHELL OIL 57442",-55.39,4084.69
05/09/2026,"XFINITY INTERNET 800-934-6489",-79.99,4004.70
05/12/2026,"GEICO AUTO INSURANCE",-142.50,3862.20
05/15/2026,"ACME CORP PAYROLL DIRECT DEP",2450.00,6312.20
05/18/2026,"VERIZON WIRELESS PAYMENT",-85.00,6227.20
05/20/2026,"CHASE CREDIT CRD AUTOPAY",-378.69,5848.51
05/22/2026,"DISCOVER E-PAYMENT",-223.54,5624.97
05/27/2026,"WAWA 8812",-48.26,5576.71
06/01/2026,"ACME CORP PAYROLL DIRECT DEP",2450.00,8026.71
06/01/2026,"ZELLE PAYMENT TO OAKWOOD APTS RENT",-1350.00,6676.71
06/03/2026,"PLANET FITNESS #1123",-24.99,6651.72
06/04/2026,"EXXONMOBIL 4471",-48.36,6603.36
06/06/2026,"DUKE ENERGY ELECTRIC PAYMENT",-153.54,6449.82
06/08/2026,"SHELL OIL 57442",-43.08,6406.74
06/09/2026,"XFINITY INTERNET 800-934-6489",-79.99,6326.75
06/12/2026,"GEICO AUTO INSURANCE",-142.50,6184.25
06/15/2026,"ACME CORP PAYROLL DIRECT DEP",2450.00,8634.25
06/18/2026,"VERIZON WIRELESS PAYMENT",-85.00,8549.25
06/20/2026,"CHASE CREDIT CRD AUTOPAY",-367.80,8181.45
06/22/2026,"DISCOVER E-PAYMENT",-174.54,8006.91
06/23/2026,"EXXONMOBIL 4471",-36.96,7969.95
07/01/2026,"ACME CORP PAYROLL DIRECT DEP",2450.00,10419.95
07/01/2026,"ZELLE PAYMENT TO OAKWOOD APTS RENT",-1350.00,9069.95
07/03/2026,"PLANET FITNESS #1123",-24.99,9044.96
07/06/2026,"DUKE ENERGY ELECTRIC PAYMENT",-130.04,8914.92
07/08/2026,"SHELL OIL 57442",-35.58,8879.34
07/09/2026,"XFINITY INTERNET 800-934-6489",-79.99,8799.35
07/12/2026,"GEICO AUTO INSURANCE",-142.50,8656.85
07/14/2026,"WAWA 8812",-46.25,8610.60
07/15/2026,"ACME CORP PAYROLL DIRECT DEP",2450.00,11060.60
07/18/2026,"VERIZON WIRELESS PAYMENT",-85.00,10975.60
07/20/2026,"CHASE CREDIT CRD AUTOPAY",-319.65,10655.95
07/22/2026,"DISCOVER E-PAYMENT",-236.25,10419.70
07/27/2026,"EXXONMOBIL 4471",-54.65,10365.05
08/01/2026,"ACME CORP PAYROLL DIRECT DEP",2450.00,12815.05
08/01/2026,"ZELLE PAYMENT TO OAKWOOD APTS RENT",-1350.00,11465.05
08/03/2026,"PLANET FITNESS #1123",-24.99,11440.06
08/03/2026,"WAWA 8812",-38.94,11401.12
08/06/2026,"DUKE ENERGY ELECTRIC PAYMENT",-132.10,11269.02
08/09/2026,"XFINITY INTERNET 800-934-6489",-79.99,11189.03
08/10/2026,"WAWA 8812",-41.68,11147.35
08/11/2026,"WAWA 8812",-44.09,11103.26
08/12/2026,"GEICO AUTO INSURANCE",-142.50,10960.76
08/15/2026,"ACME CORP PAYROLL DIRECT DEP",2450.00,13410.76
08/18/2026,"VERIZON WIRELESS PAYMENT",-85.00,13325.76
08/20/2026,"CHASE CREDIT CRD AUTOPAY",-415.39,12910.37
08/22/2026,"DISCOVER E-PAYMENT",-212.36,12698.01
09/01/2026,"ACME CORP PAYROLL DIRECT DEP",2450.00,15148.01
09/01/2026,"ZELLE PAYMENT TO OAKWOOD APTS RENT",-1350.00,13798.01
09/03/2026,"PLANET FITNESS #1123",-24.99,13773.02
09/03/2026,"EXXONMOBIL 4471",-48.65,13724.37
09/04/2026,"EXXONMOBIL 4471",-45.84,13678.53
09/06/2026,"DUKE ENERGY ELECTRIC PAYMENT",-124.50,13554.03
09/09/2026,"XFINITY INTERNET 800-934-6489",-79.99,13474.04
09/12/2026,"GEICO AUTO INSURANCE",-142.50,13331.54
09/15/2026,"ACME CORP PAYROLL DIRECT DEP",2450.00,15781.54
09/18/2026,"VERIZON WIRELESS PAYMENT",-85.00,15696.54
09/20/2026,"CHASE CREDIT CRD AUTOPAY",-349.39,15347.15
09/20/2026,"SHELL OIL 57442",-48.59,15298.56
09/22/2026,"DISCOVER E-PAYMENT",-169.28,15129.28
10/01/2026,"ACME CORP PAYROLL DIRECT DEP",2450.00,17579.28
10/01/2026,"ZELLE PAYMENT TO OAKWOOD APTS RENT",-1350.00,16229.28