Transaction Date,Post Date,Description,Category,Type,Amount,Memo
05/01/2026,05/02/2026,"BEST BUY 00011",Shopping,Sale,-65.37,
05/02/2026,05/03/2026,"TARGET 00012345",Shopping,Sale,-73.66,
05/04/2026,05/05/2026,"NETFLIX.COM",Entertainment,Sale,-15.49,
05/07/2026,05/08/2026,"WHOLEFDS MKT 10234",Groceries,Sale,-126.68,
05/08/2026,05/09/2026,"UBER EATS",Food & Drink,Sale,-38.94,
05/09/2026,05/10/2026,"DOORDASH*TACOBELL",Food & Drink,Sale,-17.21,
05/11/2026,05/12/2026,"SPOTIFY USA",Entertainment,Sale,-11.99,
05/12/2026,05/13/2026,"KROGER #442",Groceries,Sale,-92.26,
05/13/2026,05/14/2026,"TARGET 00012345",Shopping,Sale,-97.61,
05/13/2026,05/14/2026,"BEST BUY 00011",Shopping,Sale,-33.27,
05/14/2026,05/15/2026,"HULU 877-8244858",Entertainment,Sale,-17.99,
05/14/2026,05/15/2026,"DOORDASH*TACOBELL",Food & Drink,Sale,-39.17,
05/14/2026,05/15/2026,"PANERA BREAD #601",Food & Drink,Sale,-17.52,
05/15/2026,05/16/2026,"UBER EATS",Food & Drink,Sale,-9.73,
05/16/2026,05/17/2026,"MCDONALD'S F1234",Food & Drink,Sale,-25.12,
05/18/2026,05/19/2026,"DOORDASH*TACOBELL",Food & Drink,Sale,-14.98,
05/20/2026,05/21/2026,"Payment Thank You-Mobile",,Payment,400.00,
05/23/2026,05/24/2026,"APPLE.COM/BILL",Shopping,Sale,-2.99,
05/23/2026,05/24/2026,"PANERA BREAD #601",Food & Drink,Sale,-32.74,
05/24/2026,05/25/2026,"WHOLEFDS MKT 10234",Groceries,Sale,-59.49,
05/27/2026,05/28/2026,"PELOTON MEMBERSHIP",Health & Wellness,Sale,-44.00,
05/27/2026,05/28/2026,"KROGER #442",Groceries,Sale,-99.96,
05/28/2026,05/29/2026,"DOORDASH*TACOBELL",Food & Drink,Sale,-33.66,
06/04/2026,06/05/2026,"NETFLIX.COM",Entertainment,Sale,-15.49,
06/04/2026,06/05/2026,"DOORDASH*TACOBELL",Food & Drink,Sale,-14.01,
06/06/2026,06/07/2026,"TRADER JOE S #552",Groceries,Sale,-138.42,
06/08/2026,06/09/2026,"PANERA BREAD #601",Food & Drink,Sale,-13.07,
06/09/2026,06/10/2026,"UBER EATS",Food & Drink,Sale,-13.35,
06/09/2026,06/10/2026,"CHIPOTLE 2231",Food & Drink,Sale,-40.43,
06/10/2026,06/11/2026,"CHIPOTLE 2231",Food & Drink,Sale,-19.91,
06/10/2026,06/11/2026,"TARGET 00012345",Shopping,Sale,-31.25,
06/10/2026,06/11/2026,"WHOLEFDS MKT 10234",Groceries,Sale,-67.05,
06/11/2026,06/12/2026,"SPOTIFY USA",Entertainment,Sale,-11.99,
06/11/2026,06/12/2026,"STARBUCKS STORE 1234",Food & Drink,Sale,-27.51,
06/11/2026,06/12/2026,"TARGET 00012345",Shopping,Sale,-70.38,
06/12/2026,06/13/2026,"STARBUCKS STORE 1234",Food & Drink,Sale,-35.25,
06/14/2026,06/15/2026,"HULU 877-8244858",Entertainment,Sale,-17.99,
06/14/2026,06/15/2026,"TARGET 00012345",Shopping,Sale,-53.78,
06/19/2026,06/20/2026,"UBER EATS",Food & Drink,Sale,-34.24,
06/20/2026,06/21/2026,"Payment Thank You-Mobile",,Payment,400.00,
06/21/2026,06/22/2026,"UBER EATS",Food & Drink,Sale,-24.63,
06/21/2026,06/22/2026,"TARGET 00012345",Shopping,Sale,-19.24,
06/23/2026,06/24/2026,"APPLE.COM/BILL",Shopping,Sale,-2.99,
06/23/2026,06/24/2026,"KROGER #442",Groceries,Sale,-103.64,
06/25/2026,06/26/2026,"TRADER JOE S #552",Groceries,Sale,-155.96,
06/27/2026,06/28/2026,"PELOTON MEMBERSHIP",Health & Wellness,Sale,-44.00,
07/04/2026,07/05/2026,"NETFLIX.COM",Entertainment,Sale,-15.49,
07/04/2026,07/05/2026,"DOORDASH*TACOBELL",Food & Drink,Sale,-7.46,
07/05/2026,07/06/2026,"MCDONALD'S F1234",Food & Drink,Sale,-15.01,
07/07/2026,07/08/2026,"DOORDASH*TACOBELL",Food & Drink,Sale,-32.84,
07/07/2026,07/08/2026,"BEST BUY 00011",Shopping,Sale,-76.76,
07/11/2026,07/12/2026,"SPOTIFY USA",Entertainment,Sale,-11.99,
07/12/2026,07/13/2026,"PANERA BREAD #601",Food & Drink,Sale,-26.70,
07/13/2026,07/14/2026,"UBER EATS",Food & Drink,Sale,-39.74,
07/13/2026,07/14/2026,"TRADER JOE S #552",Groceries,Sale,-155.83,
07/14/2026,07/15/2026,"HULU 877-8244858",Entertainment,Sale,-17.99,
07/14/2026,07/15/2026,"TARGET 00012345",Shopping,Sale,-28.42,
07/16/2026,07/17/2026,"CHIPOTLE 2231",Food & Drink,Sale,-24.19,
07/17/2026,07/18/2026,"TARGET 00012345",Shopping,Sale,-65.48,
07/18/2026,07/19/2026,"TRADER JOE S #552",Groceries,Sale,-62.49,
07/19/2026,07/20/2026,"PANERA BREAD #601",Food & Drink,Sale,-10.42,
07/19/2026,07/20/2026,"WHOLEFDS MKT 10234",Groceries,Sale,-51.55,
07/20/2026,07/21/2026,"PANERA BREAD #601",Food & Drink,Sale,-41.12,
07/20/2026,07/21/2026,"Payment Thank You-Mobile",,Payment,400.00,
07/22/2026,07/23/2026,"AMAZON MKTPL*2K4LQ",Shopping,Sale,-87.77,
07/23/2026,07/24/2026,"APPLE.COM/BILL",Shopping,Sale,-2.99,
07/23/2026,07/24/2026,"KROGER #442",Groceries,Sale,-50.69,
07/27/2026,07/28/2026,"PELOTON MEMBERSHIP",Health & Wellness,Sale,-44.00,
07/28/2026,07/29/2026,"DOORDASH*TACOBELL",Food & Drink,Sale,-28.62,
08/01/2026,08/02/2026,"DOORDASH*TACOBELL",Food & Drink,Sale,-28.91,
08/03/2026,08/04/2026,"WHOLEFDS MKT 10234",Groceries,Sale,-157.91,
08/04/2026,08/05/2026,"NETFLIX.COM",Entertainment,Sale,-15.49,
08/09/2026,08/10/2026,"KROGER #442",Groceries,Sale,-151.89,
08/11/2026,08/12/2026,"SPOTIFY USA",Entertainment,Sale,-11.99,
08/11/2026,08/12/2026,"DOORDASH*TACOBELL",Food & Drink,Sale,-19.21,
08/11/2026,08/12/2026,"PANERA BREAD #601",Food & Drink,Sale,-36.46,
08/14/2026,08/15/2026,"HULU 877-8244858",Entertainment,Sale,-17.99,
08/14/2026,08/15/2026,"TARGET 00012345",Shopping,Sale,-67.47,
08/15/2026,08/16/2026,"STARBUCKS STORE 1234",Food & Drink,Sale,-29.26,
08/16/2026,08/17/2026,"TARGET 00012345",Shopping,Sale,-89.20,
08/18/2026,08/19/2026,"AMAZON MKTPL*2K4LQ",Shopping,Sale,-112.51,
08/20/2026,08/21/2026,"Payment Thank You-Mobile",,Payment,400.00,
08/21/2026,08/22/2026,"CHIPOTLE 2231",Food & Drink,Sale,-28.17,
08/23/2026,08/24/2026,"APPLE.COM/BILL",Shopping,Sale,-2.99,
08/23/2026,08/24/2026,"BEST BUY 00011",Shopping,Sale,-70.82,
08/25/2026,08/26/2026,"DOORDASH*TACOBELL",Food & Drink,Sale,-37.82,
08/25/2026,08/26/2026,"STARBUCKS STORE 1234",Food & Drink,Sale,-7.33,
08/26/2026,08/27/2026,"UBER EATS",Food & Drink,Sale,-7.88,
08/27/2026,08/28/2026,"PELOTON MEMBERSHIP",Health & Wellness,Sale,-44.00,
08/27/2026,08/28/2026,"DOORDASH*TACOBELL",Food & Drink,Sale,-23.30,
08/28/2026,08/29/2026,"WHOLEFDS MKT 10234",Groceries,Sale,-83.02,
08/28/2026,08/29/2026,"TRADER JOE S #552",Groceries,Sale,-87.99,
09/02/2026,09/03/2026,"CHIPOTLE 2231",Food & Drink,Sale,-15.01,
09/04/2026,09/05/2026,"NETFLIX.COM",Entertainment,Sale,-15.49,
09/07/2026,09/08/2026,"DOORDASH*TACOBELL",Food & Drink,Sale,-34.47,
09/07/2026,09/08/2026,"UBER EATS",Food & Drink,Sale,-10.32,
09/08/2026,09/09/2026,"BEST BUY 00011",Shopping,Sale,-121.21,
09/11/2026,09/12/2026,"SPOTIFY USA",Entertainment,Sale,-11.99,
09/11/2026,09/12/2026,"KROGER #442",Groceries,Sale,-63.07,
09/11/2026,09/12/2026,"KROGER #442",Groceries,Sale,-76.32,
09/12/2026,09/13/2026,"MCDONALD'S F1234",Food & Drink,Sale,-31.99,
09/14/2026,09/15/2026,"HULU 877-8244858",Entertainment,Sale,-17.99,
09/15/2026,09/16/2026,"TARGET 00012345",Shopping,Sale,-65.95,
09/15/2026,09/16/2026,"KROGER #442",Groceries,Sale,-135.95,
09/17/2026,09/18/2026,"TARGET 00012345",Shopping,Sale,-33.26,
09/18/2026,09/19/2026,"PANERA BREAD #601",Food & Drink,Sale,-32.76,
09/18/2026,09/19/2026,"DOORDASH*TACOBELL",Food & Drink,Sale,-34.84,
09/19/2026,09/20/2026,"CHIPOTLE 2231",Food & Drink,Sale,-19.69,
09/20/2026,09/21/2026,"KROGER #442",Groceries,Sale,-50.87,
09/20/2026,09/21/2026,"Payment Thank You-Mobile",,Payment,400.00,
09/23/2026,09/24/2026,"APPLE.COM/BILL",Shopping,Sale,-2.99,
09/23/2026,09/24/2026,"CHIPOTLE 2231",Food & Drink,Sale,-13.75,
09/24/2026,09/25/2026,"STARBUCKS STORE 1234",Food & Drink,Sale,-23.11,
09/27/2026,09/28/2026,"PELOTON MEMBERSHIP",Health & Wellness,Sale,-44.00,
09/27/2026,09/28/2026,"AMAZON MKTPL*2K4LQ",Shopping,Sale,-29.86,